code_muni,name_muni,code_state,name_metro
2700300,Arapiraca,27,RM Agreste
2701506,Campo Grande,27,RM Agreste
2702009,Coité Do Nóia,27,RM Agreste
2702355,Craíbas,27,RM Agreste
2702603,Feira Grande,27,RM Agreste
2702900,Girau Do Ponciano,27,RM Agreste
2703700,Jaramataia,27,RM Agreste
2704005,Junqueiro,27,RM Agreste
2704104,Lagoa Da Canoa,27,RM Agreste
2704203,Limoeiro De Anadia,27,RM Agreste
2705903,Olho D'água Grande,27,RM Agreste
2708204,São Brás,27,RM Agreste
2708808,São Sebastião,27,RM Agreste
2709103,Taquarana,27,RM Agreste
2709202,Traipu,27,RM Agreste
2701100,Branquinha,27,RM da Zona da Mata
2701357,Campestre,27,RM da Zona da Mata
2702108,Colônia Leopoldina,27,RM da Zona da Mata
2702801,Flexeiras,27,RM da Zona da Mata
2703007,Ibateguara,27,RM da Zona da Mata
2703502,Jacuípe,27,RM da Zona da Mata
2703809,Joaquim Gomes,27,RM da Zona da Mata
2703908,Jundiá,27,RM da Zona da Mata
2705101,Matriz De Camaragibe,27,RM da Zona da Mata
2705507,Murici,27,RM da Zona da Mata
2705606,Novo Lino,27,RM da Zona da Mata
2707305,Porto Calvo,27,RM da Zona da Mata
2708105,Santana Do Mundaú,27,RM da Zona da Mata
2708303,São José Da Laje,27,RM da Zona da Mata
2708501,São Luís Do Quitunde,27,RM da Zona da Mata
2709301,União Dos Palmares,27,RM da Zona da Mata
2701407,Campo Alegre,27,RM de Caetés
2702306,Coruripe,27,RM de Caetés
2707800,Roteiro,27,RM de Caetés
2708600,São Miguel Dos Campos,27,RM de Caetés
2709152,Teotônio Vilela,27,RM de Caetés
2700805,Belém,27,RM de Palmeira dos Índios
2701209,Cacimbinhas,27,RM de Palmeira dos Índios
2702553,Estrela De Alagoas,27,RM de Palmeira dos Índios
2703106,Igaci,27,RM de Palmeira dos Índios
2704401,Major Isidoro,27,RM de Palmeira dos Índios
2705309,Minador Do Negrão,27,RM de Palmeira dos Índios
2706307,Palmeira Dos Índios,27,RM de Palmeira dos Índios
2701803,Carneiros,27,RM do Médio Sertão
2702504,Dois Riachos,27,RM do Médio Sertão
2704609,Maravilha,27,RM do Médio Sertão
2705705,Olho D'água Das Flores,27,RM do Médio Sertão
2706000,Olivença,27,RM do Médio Sertão
2706109,Ouro Branco,27,RM do Médio Sertão
2707206,Poço Das Trincheiras,27,RM do Médio Sertão
2708006,Santana Do Ipanema,27,RM do Médio Sertão
2708956,Senador Rui Palmeira,27,RM do Médio Sertão
2700102,Água Branca,27,RM do Sertão
2702405,Delmiro Gouveia,27,RM do Sertão
2703304,Inhapi,27,RM do Sertão
2705002,Mata Grande,27,RM do Sertão
2705804,Olho D'água Do Casado,27,RM do Sertão
2706422,Pariconha,27,RM do Sertão
2707107,Piranhas,27,RM do Sertão
2700201,Anadia,27,RM do Vale do Paraíba
2701001,Boca Da Mata,27,RM do Vale do Paraíba
2701308,Cajueiro,27,RM do Vale do Paraíba
2701704,Capela,27,RM do Vale do Paraíba
2701902,Chã Preta,27,RM do Vale do Paraíba
2704906,Mar Vermelho,27,RM do Vale do Paraíba
2704807,Maribondo,27,RM do Vale do Paraíba
2706604,Paulo Jacinto,27,RM do Vale do Paraíba
2707008,Pindoba,27,RM do Vale do Paraíba
2707602,Quebrangulo,27,RM do Vale do Paraíba
2709004,Tanque D'arca,27,RM do Vale do Paraíba
2709400,Viçosa,27,RM do Vale do Paraíba
2700409,Atalaia,27,RM Maceió
2700508,Barra De Santo Antônio,27,RM Maceió
2700607,Barra De São Miguel,27,RM Maceió
2702207,Coqueiro Seco,27,RM Maceió
2704302,Maceió,27,RM Maceió
2704708,Marechal Deodoro,27,RM Maceió
2705200,Messias,27,RM Maceió
2705507,Murici,27,RM Maceió
2706448,Paripueira,27,RM Maceió
2706901,Pilar,27,RM Maceió
2707701,Rio Largo,27,RM Maceió
2707909,Santa Luzia Do Norte,27,RM Maceió
2708907,Satuba,27,RM Maceió
2702702,Feliz Deserto,27,RM São Francisco
2703205,Igreja Nova,27,RM São Francisco
2706703,Penedo,27,RM São Francisco
2706802,Piaçabuçu,27,RM São Francisco
2707503,Porto Real Do Colégio,27,RM São Francisco
1300300,Autazes,13,RM Manaus
1301100,Careiro,13,RM Manaus
1301159,Careiro Da Várzea,13,RM Manaus
1301852,Iranduba,13,RM Manaus
1301902,Itacoatiara,13,RM Manaus
1302009,Itapiranga,13,RM Manaus
1302504,Manacapuru,13,RM Manaus
1302553,Manaquiri,13,RM Manaus
1302603,Manaus,13,RM Manaus
1303205,Novo Airão,13,RM Manaus
1303536,Presidente Figueiredo,13,RM Manaus
1303569,Rio Preto Da Eva,13,RM Manaus
1304005,Silves,13,RM Manaus
1600303,Macapá,16,RM Macapá
1600402,Mazagão,16,RM Macapá
1600600,Santana,16,RM Macapá
2907202,Casa Nova,29,RIDE Petrolina/Juazeiro Região Administrativa Integrada de Desenvolvimento do Polo Petrolina/PE e Juazeiro/BA
2909901,Curaçá,29,RIDE Petrolina/Juazeiro Região Administrativa Integrada de Desenvolvimento do Polo Petrolina/PE e Juazeiro/BA
2918407,Juazeiro,29,RIDE Petrolina/Juazeiro Região Administrativa Integrada de Desenvolvimento do Polo Petrolina/PE e Juazeiro/BA
2930774,Sobradinho,29,RIDE Petrolina/Juazeiro Região Administrativa Integrada de Desenvolvimento do Polo Petrolina/PE e Juazeiro/BA
2901106,Amélia Rodrigues,29,RM Feira de Santana
2901502,Anguera,29,RM Feira de Santana
2901700,Antônio Cardoso,29,RM Feira de Santana
2906402,Candeal,29,RM Feira de Santana
2908200,Conceição Da Feira,29,RM Feira de Santana
2908507,Conceição Do Jacuípe,29,RM Feira de Santana
2908903,Coração De Maria,29,RM Feira de Santana
2910800,Feira De Santana,29,RM Feira de Santana
2913804,Ipecaetá,29,RM Feira de Santana
2914505,Irará,29,RM Feira de Santana
2926301,Riachão Do Jacuípe,29,RM Feira de Santana
2927507,Santa Bárbara,29,RM Feira de Santana
2928307,Santanópolis,29,RM Feira de Santana
2929305,São Gonçalo Dos Campos,29,RM Feira de Santana
2930402,Serra Preta,29,RM Feira de Santana
2931103,Tanquinho,29,RM Feira de Santana
2905701,Camaçari,29,RM Salvador
2906501,Candeias,29,RM Salvador
2910057,Dias D'ávila,29,RM Salvador
2916104,Itaparica,29,RM Salvador
2919207,Lauro De Freitas,29,RM Salvador
2919926,Madre De Deus,29,RM Salvador
2921005,Mata De São João,29,RM Salvador
2925204,Pojuca,29,RM Salvador
2927408,Salvador,29,RM Salvador
2929206,São Francisco Do Conde,29,RM Salvador
2929503,São Sebastião Do Passé,29,RM Salvador
2930709,Simões Filho,29,RM Salvador
2933208,Vera Cruz,29,RM Salvador
2301901,Barbalha,23,RM Cariri
2303204,Caririaçu,23,RM Cariri
2304202,Crato,23,RM Cariri
2304301,Farias Brito,23,RM Cariri
2307106,Jardim,23,RM Cariri
2307304,Juazeiro Do Norte,23,RM Cariri
2308401,Missão Velha,23,RM Cariri
2309201,Nova Olinda,23,RM Cariri
2312106,Santana Do Cariri,23,RM Cariri
2301000,Aquiraz,23,RM Fortaleza
2303501,Cascavel,23,RM Fortaleza
2303709,Caucaia,23,RM Fortaleza
2303956,Chorozinho,23,RM Fortaleza
2304285,Eusébio,23,RM Fortaleza
2304400,Fortaleza,23,RM Fortaleza
2304954,Guaiúba,23,RM Fortaleza
2305233,Horizonte,23,RM Fortaleza
2306256,Itaitinga,23,RM Fortaleza
2307650,Maracanaú,23,RM Fortaleza
2307700,Maranguape,23,RM Fortaleza
2309607,Pacajus,23,RM Fortaleza
2309706,Pacatuba,23,RM Fortaleza
2310209,Paracuru,23,RM Fortaleza
2310258,Paraipaba,23,RM Fortaleza
2310852,Pindoretama,23,RM Fortaleza
2312403,São Gonçalo Do Amarante,23,RM Fortaleza
2312601,São Luís Do Curu,23,RM Fortaleza
2313500,Trairi,23,RM Fortaleza
2300507,Alcântaras,23,RM Sobral
2303105,Cariré,23,RM Sobral
2304004,Coreaú,23,RM Sobral
2304350,Forquilha,23,RM Sobral
2304509,Frecheirinha,23,RM Sobral
2304657,Graça,23,RM Sobral
2304905,Groaíras,23,RM Sobral
2308005,Massapê,23,RM Sobral
2308203,Meruoca,23,RM Sobral
2308807,Moraújo,23,RM Sobral
2309003,Mucambo,23,RM Sobral
2309904,Pacujá,23,RM Sobral
2310951,Pires Ferreira,23,RM Sobral
2311702,Reriutaba,23,RM Sobral
2312007,Santana Do Acaraú,23,RM Sobral
2312809,Senador Sá,23,RM Sobral
2312908,Sobral,23,RM Sobral
2313955,Varjota,23,RM Sobral
5300108,Brasília,53,RIDE - Distrito Federal
3201308,Cariacica,32,RM Grande Vitória
3202207,Fundão,32,RM Grande Vitória
3202405,Guarapari,32,RM Grande Vitória
3205002,Serra,32,RM Grande Vitória
3205101,Viana,32,RM Grande Vitória
3205200,Vila Velha,32,RM Grande Vitória
3205309,Vitória,32,RM Grande Vitória
5200100,Abadiânia,52,RIDE - Distrito Federal
5200175,Água Fria De Goiás,52,RIDE - Distrito Federal
5200258,Águas Lindas De Goiás,52,RIDE - Distrito Federal
5200308,Alexânia,52,RIDE - Distrito Federal
5200605,Alto Paraíso De Goiás,52,RIDE - Distrito Federal
5200803,Alvorada Do Norte,52,RIDE - Distrito Federal
5203203,Barro Alto,52,RIDE - Distrito Federal
5204003,Cabeceiras,52,RIDE - Distrito Federal
5205307,Cavalcante,52,RIDE - Distrito Federal
5205497,Cidade Ocidental,52,RIDE - Distrito Federal
5205513,Cocalzinho De Goiás,52,RIDE - Distrito Federal
5205802,Corumbá De Goiás,52,RIDE - Distrito Federal
5206206,Cristalina,52,RIDE - Distrito Federal
5207907,Flores De Goiás,52,RIDE - Distrito Federal
5208004,Formosa,52,RIDE - Distrito Federal
5208608,Goianésia,52,RIDE - Distrito Federal
5212501,Luziânia,52,RIDE - Distrito Federal
5213053,Mimoso De Goiás,52,RIDE - Distrito Federal
5214606,Niquelândia,52,RIDE - Distrito Federal
5215231,Novo Gama,52,RIDE - Distrito Federal
5215603,Padre Bernardo,52,RIDE - Distrito Federal
5217302,Pirenópolis,52,RIDE - Distrito Federal
5217609,Planaltina,52,RIDE - Distrito Federal
5219753,Santo Antônio Do Descoberto,52,RIDE - Distrito Federal
5220009,São João D'aliança,52,RIDE - Distrito Federal
5220686,Simolândia,52,RIDE - Distrito Federal
5221858,Valparaíso De Goiás,52,RIDE - Distrito Federal
5222203,Vila Boa,52,RIDE - Distrito Federal
5222302,Vila Propício,52,RIDE - Distrito Federal
5200050,Abadia De Goiás,52,RM Goiânia
5201405,Aparecida De Goiânia,52,RM Goiânia
5201801,Aragoiânia,52,RM Goiânia
5203302,Bela Vista De Goiás,52,RM Goiânia
5203559,Bonfinópolis,52,RM Goiânia
5203609,Brazabrantes,52,RM Goiânia
5204557,Caldazinha,52,RM Goiânia
5205208,Caturaí,52,RM Goiânia
5208400,Goianápolis,52,RM Goiânia
5208707,Goiânia,52,RM Goiânia
5208806,Goianira,52,RM Goiânia
5209200,Guapó,52,RM Goiânia
5209705,Hidrolândia,52,RM Goiânia
5214507,Nerópolis,52,RM Goiânia
5215009,Nova Veneza,52,RM Goiânia
5219100,Santa Bárbara De Goiás,52,RM Goiânia
5219738,Santo Antônio De Goiás,52,RM Goiânia
5220454,Senador Canedo,52,RM Goiânia
5221197,Terezópolis De Goiás,52,RM Goiânia
5221403,Trindade,52,RM Goiânia
2112209,Timon,21,RIDE - Teresina
2100204,Alcântara,21,RM Grande São Luís
2101103,Axixá,21,RM Grande São Luís
2101251,Bacabeira,21,RM Grande São Luís
2102374,Cachoeira Grande,21,RM Grande São Luís
2105104,Icatu,21,RM Grande São Luís
2107100,Morros,21,RM Grande São Luís
2107506,Paço Do Lumiar,21,RM Grande São Luís
2109205,Presidente Juscelino,21,RM Grande São Luís
2109452,Raposa,21,RM Grande São Luís
2109601,Rosário,21,RM Grande São Luís
2110203,Santa Rita,21,RM Grande São Luís
2111201,São José De Ribamar,21,RM Grande São Luís
2111300,São Luís,21,RM Grande São Luís
2102358,Buritirana,21,RM Sudoeste Maranhense
2103752,Davinópolis,21,RM Sudoeste Maranhense
2104552,Governador Edison Lobão,21,RM Sudoeste Maranhense
2105302,Imperatriz,21,RM Sudoeste Maranhense
2105500,João Lisboa,21,RM Sudoeste Maranhense
2107001,Montes Altos,21,RM Sudoeste Maranhense
2109551,Ribamar Fiquene,21,RM Sudoeste Maranhense
2111763,Senador La Rocque,21,RM Sudoeste Maranhense
3104502,Arinos,31,RIDE - Distrito Federal
3109303,Buritis,31,RIDE - Distrito Federal
3109451,Cabeceira Grande,31,RIDE - Distrito Federal
3170404,Unaí,31,RIDE - Distrito Federal
3105004,Baldim,31,RM Belo Horizonte
3105400,Barão De Cocais,31,RM Belo Horizonte
3106200,Belo Horizonte,31,RM Belo Horizonte
3106408,Belo Vale,31,RM Belo Horizonte
3106705,Betim,31,RM Belo Horizonte
3107703,Bom Jesus Do Amparo,31,RM Belo Horizonte
3108107,Bonfim,31,RM Belo Horizonte
3109006,Brumadinho,31,RM Belo Horizonte
3110004,Caeté,31,RM Belo Horizonte
3112505,Capim Branco,31,RM Belo Horizonte
3117876,Confins,31,RM Belo Horizonte
3118601,Contagem,31,RM Belo Horizonte
3124104,Esmeraldas,31,RM Belo Horizonte
3126000,Florestal,31,RM Belo Horizonte
3126406,Fortuna De Minas,31,RM Belo Horizonte
3127206,Funilândia,31,RM Belo Horizonte
3129806,Ibirité,31,RM Belo Horizonte
3130101,Igarapé,31,RM Belo Horizonte
3131000,Inhaúma,31,RM Belo Horizonte
3131901,Itabirito,31,RM Belo Horizonte
3132206,Itaguara,31,RM Belo Horizonte
3133709,Itatiaiuçu,31,RM Belo Horizonte
3133808,Itaúna,31,RM Belo Horizonte
3134608,Jaboticatubas,31,RM Belo Horizonte
3136652,Juatuba,31,RM Belo Horizonte
3137601,Lagoa Santa,31,RM Belo Horizonte
3140159,Mário Campos,31,RM Belo Horizonte
3140704,Mateus Leme,31,RM Belo Horizonte
3141108,Matozinhos,31,RM Belo Horizonte
3142304,Moeda,31,RM Belo Horizonte
3144805,Nova Lima,31,RM Belo Horizonte
3136603,Nova União,31,RM Belo Horizonte
3147105,Pará De Minas,31,RM Belo Horizonte
3149309,Pedro Leopoldo,31,RM Belo Horizonte
3153608,Prudente De Morais,31,RM Belo Horizonte
3153905,Raposos,31,RM Belo Horizonte
3154606,Ribeirão Das Neves,31,RM Belo Horizonte
3154804,Rio Acima,31,RM Belo Horizonte
3155306,Rio Manso,31,RM Belo Horizonte
3156700,Sabará,31,RM Belo Horizonte
3157203,Santa Bárbara,31,RM Belo Horizonte
3157807,Santa Luzia,31,RM Belo Horizonte
3161908,São Gonçalo Do Rio Abaixo,31,RM Belo Horizonte
3162922,São Joaquim De Bicas,31,RM Belo Horizonte
3162955,São José Da Lapa,31,RM Belo Horizonte
3163102,São José Da Varginha,31,RM Belo Horizonte
3165537,Sarzedo,31,RM Belo Horizonte
3167202,Sete Lagoas,31,RM Belo Horizonte
3168309,Taquaraçu De Minas,31,RM Belo Horizonte
3171204,Vespasiano,31,RM Belo Horizonte
3100500,Açucena,31,RM Vale do Aço
3103009,Antônio Dias,31,RM Vale do Aço
3106309,Belo Oriente,31,RM Vale do Aço
3107802,Bom Jesus Do Galho,31,RM Vale do Aço
3108800,Braúnas,31,RM Vale do Aço
3109253,Bugre,31,RM Vale do Aço
3113404,Caratinga,31,RM Vale do Aço
3119401,Coronel Fabriciano,31,RM Vale do Aço
3120003,Córrego Novo,31,RM Vale do Aço
3121803,Dionísio,31,RM Vale do Aço
3122504,Dom Cavati,31,RM Vale do Aço
3123858,Entre Folhas,31,RM Vale do Aço
3129301,Iapu,31,RM Vale do Aço
3131158,Ipaba,31,RM Vale do Aço
3131307,Ipatinga,31,RM Vale do Aço
3135001,Jaguaraçu,31,RM Vale do Aço
3136108,Joanésia,31,RM Vale do Aço
3140308,Marliéria,31,RM Vale do Aço
3141702,Mesquita,31,RM Vale do Aço
3144359,Naque,31,RM Vale do Aço
3149952,Periquito,31,RM Vale do Aço
3150539,Pingo D'água,31,RM Vale do Aço
3158953,Santana Do Paraíso,31,RM Vale do Aço
3162609,São João Do Oriente,31,RM Vale do Aço
3163409,São José Do Goiabal,31,RM Vale do Aço
3167707,Sobrália,31,RM Vale do Aço
3168705,Timóteo,31,RM Vale do Aço
3170578,Vargem Alegre,31,RM Vale do Aço
5100102,Acorizal,51,RM Vale do Rio Cuiabá
5101605,Barão De Melgaço,51,RM Vale do Rio Cuiabá
5103007,Chapada Dos Guimarães,51,RM Vale do Rio Cuiabá
5103403,Cuiabá,51,RM Vale do Rio Cuiabá
5104906,Jangada,51,RM Vale do Rio Cuiabá
5105903,Nobres,51,RM Vale do Rio Cuiabá
5106109,Nossa Senhora Do Livramento,51,RM Vale do Rio Cuiabá
5106208,Nova Brasilândia,51,RM Vale do Rio Cuiabá
5106455,Planalto Da Serra,51,RM Vale do Rio Cuiabá
5106505,Poconé,51,RM Vale do Rio Cuiabá
5107701,Rosário Oeste,51,RM Vale do Rio Cuiabá
5107800,Santo Antônio Do Leverger,51,RM Vale do Rio Cuiabá
5108402,Várzea Grande,51,RM Vale do Rio Cuiabá
1500800,Ananindeua,15,RM Belém
1501402,Belém,15,RM Belém
1501501,Benevides,15,RM Belém
1502400,Castanhal,15,RM Belém
1504422,Marituba,15,RM Belém
1506351,Santa Bárbara Do Pará,15,RM Belém
1506500,Santa Izabel Do Pará,15,RM Belém
1501451,Belterra,15,RM Santarém
1504752,Mojuí Dos Campos,15,RM Santarém
1506807,Santarém,15,RM Santarém
2500536,Alcantil,25,RM Campina Grande
2501302,Aroeiras,25,RM Campina Grande
2501575,Barra De Santana,25,RM Campina Grande
2502151,Boa Vista,25,RM Campina Grande
2502508,Boqueirão,25,RM Campina Grande
2504009,Campina Grande,25,RM Campina Grande
2504355,Caturité,25,RM Campina Grande
2506103,Fagundes,25,RM Campina Grande
2506251,Gado Bravo,25,RM Campina Grande
2507200,Itatuba,25,RM Campina Grande
2508307,Lagoa Seca,25,RM Campina Grande
2509206,Massaranduba,25,RM Campina Grande
2509339,Matinhas,25,RM Campina Grande
2509909,Natuba,25,RM Campina Grande
2512408,Puxinanã,25,RM Campina Grande
2512507,Queimadas,25,RM Campina Grande
2513158,Santa Cecília,25,RM Campina Grande
2515807,Serra Redonda,25,RM Campina Grande
2517001,Umbuzeiro,25,RM Campina Grande
2501005,Araruna,25,RM de Araruna
2503506,Cacimba De Dentro,25,RM de Araruna
2505352,Damião,25,RM de Araruna
2505709,Dona Inês,25,RM de Araruna
2512747,Riachão,25,RM de Araruna
2516409,Tacima,25,RM de Araruna
2501534,Baraúna,25,RM de Barra de Santa Rosa
2501609,Barra De Santa Rosa,25,RM de Barra de Santa Rosa
2505105,Cuité,25,RM de Barra de Santa Rosa
2506202,Frei Martinho,25,RM de Barra de Santa Rosa
2510105,Nova Floresta,25,RM de Barra de Santa Rosa
2510303,Nova Palmeira,25,RM de Barra de Santa Rosa
2511400,Picuí,25,RM de Barra de Santa Rosa
2516151,Sossêgo,25,RM de Barra de Santa Rosa
2502052,Bernardino Batista,25,RM de Cajazeiras
2502201,Bom Jesus,25,RM de Cajazeiras
2502409,Bonito De Santa Fé,25,RM de Cajazeiras
2503308,Cachoeira Dos Índios,25,RM de Cajazeiras
2503704,Cajazeiras,25,RM de Cajazeiras
2504108,Carrapateira,25,RM de Cajazeiras
2513653,Joca Claudino,25,RM de Cajazeiras
2509602,Monte Horebe,25,RM de Cajazeiras
2512036,Poço Dantas,25,RM de Cajazeiras
2512077,Poço De José De Moura,25,RM de Cajazeiras
2513307,Santa Helena,25,RM de Cajazeiras
2500700,São João Do Rio Do Peixe,25,RM de Cajazeiras
2514503,São José De Piranhas,25,RM de Cajazeiras
2516805,Triunfo,25,RM de Cajazeiras
2516904,Uiraúna,25,RM de Cajazeiras
2500403,Alagoa Nova,25,RM de Esperança
2500577,Algodão De Jandaíra,25,RM de Esperança
2501104,Areia,25,RM de Esperança
2501203,Areial,25,RM de Esperança
2506004,Esperança,25,RM de Esperança
2509503,Montadas,25,RM de Esperança
2512002,Pocinhos,25,RM de Esperança
2512705,Remígio,25,RM de Esperança
2515104,São Sebastião De Lagoa De Roça,25,RM de Esperança
2503803,Caldas Brandão,25,RM de Itabaiana
2506400,Gurinhém,25,RM de Itabaiana
2506806,Ingá,25,RM de Itabaiana
2506905,Itabaiana,25,RM de Itabaiana
2507606,Juarez Távora,25,RM de Itabaiana
2507903,Juripiranga,25,RM de Itabaiana
2509404,Mogeiro,25,RM de Itabaiana
2511509,Pilar,25,RM de Itabaiana
2512754,Riachão Do Bacamarte,25,RM de Itabaiana
2513109,Salgado De São Félix,25,RM de Itabaiana
2514453,São José Dos Ramos,25,RM de Itabaiana
2515005,São Miguel De Taipu,25,RM de Itabaiana
2500775,Aparecida,25,RM de Sousa
2508406,Lastro,25,RM de Sousa
2509156,Marizópolis,25,RM de Sousa
2510006,Nazarezinho,25,RM de Sousa
2513208,Santa Cruz,25,RM de Sousa
2513984,São Francisco,25,RM de Sousa
2514206,São José Da Lagoa Tapada,25,RM de Sousa
2516201,Sousa,25,RM de Sousa
2517209,Vieirópolis,25,RM de Sousa
2501401,Baía Da Traição,25,RM do Vale do Mamanguape
2505238,Cuité De Mamanguape,25,RM do Vale do Mamanguape
2505279,Curral De Cima,25,RM do Vale do Mamanguape
2507101,Itapororoca,25,RM do Vale do Mamanguape
2507309,Jacaraú,25,RM do Vale do Mamanguape
2508901,Mamanguape,25,RM do Vale do Mamanguape
2509057,Marcação,25,RM do Vale do Mamanguape
2509305,Mataraca,25,RM do Vale do Mamanguape
2512721,Pedro Régis,25,RM do Vale do Mamanguape
2500205,Aguiar,25,RM do Vale do Piancó
2502102,Boa Ventura,25,RM do Vale do Piancó
2504207,Catingueira,25,RM do Vale do Piancó
2504405,Conceição,25,RM do Vale do Piancó
2504801,Coremas,25,RM do Vale do Piancó
2505303,Curral Velho,25,RM do Vale do Piancó
2505600,Diamante,25,RM do Vale do Piancó
2506608,Ibiara,25,RM do Vale do Piancó
2502607,Igaracy,25,RM do Vale do Piancó
2507002,Itaporanga,25,RM do Vale do Piancó
2510204,Nova Olinda,25,RM do Vale do Piancó
2511301,Piancó,25,RM do Vale do Piancó
2513356,Santa Inês,25,RM do Vale do Piancó
2513505,Santana De Mangueira,25,RM do Vale do Piancó
2513604,Santana Dos Garrotes,25,RM do Vale do Piancó
2514305,São José De Caiana,25,RM do Vale do Piancó
2515708,Serra Grande,25,RM do Vale do Piancó
2500502,Alagoinha,25,RM Guarabira
2500809,Araçagi,25,RM Guarabira
2500908,Arara,25,RM Guarabira
2501500,Bananeiras,25,RM Guarabira
2501906,Belém,25,RM Guarabira
2502706,Borborema,25,RM Guarabira
2503605,Caiçara,25,RM Guarabira
2505204,Cuitegi,25,RM Guarabira
2505808,Duas Estradas,25,RM Guarabira
2506301,Guarabira,25,RM Guarabira
2508208,Lagoa De Dentro,25,RM Guarabira
2508554,Logradouro,25,RM Guarabira
2509800,Mulungu,25,RM Guarabira
2511608,Pilões,25,RM Guarabira
2511707,Pilõezinhos,25,RM Guarabira
2511806,Pirpirituba,25,RM Guarabira
2515609,Serra Da Raiz,25,RM Guarabira
2515906,Serraria,25,RM Guarabira
2515930,Sertãozinho,25,RM Guarabira
2516003,Solânea,25,RM Guarabira
2500601,Alhandra,25,RM João Pessoa
2501807,Bayeux,25,RM João Pessoa
2503001,Caaporã,25,RM João Pessoa
2503209,Cabedelo,25,RM João Pessoa
2504603,Conde,25,RM João Pessoa
2504900,Cruz Do Espírito Santo,25,RM João Pessoa
2507507,João Pessoa,25,RM João Pessoa
2508604,Lucena,25,RM João Pessoa
2511202,Pedras De Fogo,25,RM João Pessoa
2511905,Pitimbu,25,RM João Pessoa
2512903,Rio Tinto,25,RM João Pessoa
2513703,Santa Rita,25,RM João Pessoa
2501153,Areia De Baraúnas,25,RM Patos
2503407,Cacimba De Areia,25,RM Patos
2503555,Cacimbas,25,RM Patos
2504504,Condado,25,RM Patos
2505402,Desterro,25,RM Patos
2505907,Emas,25,RM Patos
2507804,Junco Do Seridó,25,RM Patos
2508703,Mãe D'água,25,RM Patos
2508802,Malta,25,RM Patos
2509396,Maturéia,25,RM Patos
2510709,Passagem,25,RM Patos
2510808,Patos,25,RM Patos
2512606,Quixaba,25,RM Patos
2513000,Salgadinho,25,RM Patos
2513406,Santa Luzia,25,RM Patos
2513802,Santa Teresinha,25,RM Patos
2514404,São José De Espinharas,25,RM Patos
2514602,São José Do Bonfim,25,RM Patos
2514701,São José Do Sabugi,25,RM Patos
2514909,São Mamede,25,RM Patos
2516706,Teixeira,25,RM Patos
2517100,Várzea,25,RM Patos
2505501,Vista Serrana,25,RM Patos
2608750,Lagoa Grande,26,RIDE Petrolina/Juazeiro Região Administrativa Integrada de Desenvolvimento do Polo Petrolina/PE e Juazeiro/BA
2609808,Orocó,26,RIDE Petrolina/Juazeiro Região Administrativa Integrada de Desenvolvimento do Polo Petrolina/PE e Juazeiro/BA
2611101,Petrolina,26,RIDE Petrolina/Juazeiro Região Administrativa Integrada de Desenvolvimento do Polo Petrolina/PE e Juazeiro/BA
2612604,Santa Maria Da Boa Vista,26,RIDE Petrolina/Juazeiro Região Administrativa Integrada de Desenvolvimento do Polo Petrolina/PE e Juazeiro/BA
2600054,Abreu E Lima,26,RM Recife
2601052,Araçoiaba,26,RM Recife
2602902,Cabo De Santo Agostinho,26,RM Recife
2603454,Camaragibe,26,RM Recife
2606200,Goiana,26,RM Recife
2606804,Igarassu,26,RM Recife
2607604,Ilha De Itamaracá,26,RM Recife
2607208,Ipojuca,26,RM Recife
2607752,Itapissuma,26,RM Recife
2607901,Jaboatão Dos Guararapes,26,RM Recife
2609402,Moreno,26,RM Recife
2609600,Olinda,26,RM Recife
2610707,Paulista,26,RM Recife
2611606,Recife,26,RM Recife
2613701,São Lourenço Da Mata,26,RM Recife
2200400,Altos,22,RIDE - Teresina
2201606,Beneditinos,22,RIDE - Teresina
2202737,Coivaras,22,RIDE - Teresina
2203255,Curralinhos,22,RIDE - Teresina
2203305,Demerval Lobão,22,RIDE - Teresina
2205508,José De Freitas,22,RIDE - Teresina
2205557,Lagoa Alegre,22,RIDE - Teresina
2205581,Lagoa Do Piauí,22,RIDE - Teresina
2206308,Miguel Leão,22,RIDE - Teresina
2206407,Monsenhor Gil,22,RIDE - Teresina
2206720,Nazária,22,RIDE - Teresina
2211001,Teresina,22,RIDE - Teresina
2211100,União,22,RIDE - Teresina
4101408,Apucarana,41,RM Apucarana
4101655,Arapuã,41,RM Apucarana
4101853,Ariranha Do Ivaí,41,RM Apucarana
4103305,Borrazópolis,41,RM Apucarana
4103503,Califórnia,41,RM Apucarana
4106852,Cruzmaltina,41,RM Apucarana
4107603,Faxinal,41,RM Apucarana
4108551,Godoy Moreira,41,RM Apucarana
4108700,Grandes Rios,41,RM Apucarana
4111506,Ivaiporã,41,RM Apucarana
4112504,Jardim Alegre,41,RM Apucarana
4113106,Kaloré,41,RM Apucarana
4113429,Lidianópolis,41,RM Apucarana
4113759,Lunardelli,41,RM Apucarana
4114906,Marilândia Do Sul,41,RM Apucarana
4115507,Marumbi,41,RM Apucarana
4115754,Mauá Da Serra,41,RM Apucarana
4117297,Novo Itacolomi,41,RM Apucarana
4122107,Rio Bom,41,RM Apucarana
4122172,Rio Branco Do Ivaí,41,RM Apucarana
4122651,Rosário Do Ivaí,41,RM Apucarana
4125001,São João Do Ivaí,41,RM Apucarana
4125803,São Pedro Do Ivaí,41,RM Apucarana
4100459,Altamira Do Paraná,41,RM Campo Mourão
4101705,Araruna,41,RM Campo Mourão
4102505,Barbosa Ferraz,41,RM Campo Mourão
4103008,Boa Esperança,41,RM Campo Mourão
4103909,Campina Da Lagoa,41,RM Campo Mourão
4104303,Campo Mourão,41,RM Campo Mourão
4106555,Corumbataí Do Sul,41,RM Campo Mourão
4107504,Engenheiro Beltrão,41,RM Campo Mourão
4107553,Farol,41,RM Campo Mourão
4107702,Fênix,41,RM Campo Mourão
4108601,Goioerê,41,RM Campo Mourão
4110805,Iretama,41,RM Campo Mourão
4112207,Janiópolis,41,RM Campo Mourão
4112959,Juranda,41,RM Campo Mourão
4113734,Luiziana,41,RM Campo Mourão
4114005,Mamborê,41,RM Campo Mourão
4116109,Moreira Sales,41,RM Campo Mourão
4116802,Nova Cantu,41,RM Campo Mourão
4118808,Peabiru,41,RM Campo Mourão
4120655,Quarto Centenário,41,RM Campo Mourão
4121109,Quinta Do Sol,41,RM Campo Mourão
4121356,Rancho Alegre D'oeste,41,RM Campo Mourão
4122503,Roncador,41,RM Campo Mourão
4127205,Terra Boa,41,RM Campo Mourão
4128005,Ubiratã,41,RM Campo Mourão
4101051,Anahy,41,RM Cascavel
4103057,Boa Vista Da Aparecida,41,RM Cascavel
4103354,Braganey,41,RM Cascavel
4103453,Cafelândia,41,RM Cascavel
4104055,Campo Bonito,41,RM Cascavel
4104600,Capitão Leônidas Marques,41,RM Cascavel
4104808,Cascavel,41,RM Cascavel
4105003,Catanduvas,41,RM Cascavel
4105300,Céu Azul,41,RM Cascavel
4106308,Corbélia,41,RM Cascavel
4107124,Diamante Do Sul,41,RM Cascavel
4109302,Guaraniaçu,41,RM Cascavel
4109757,Ibema,41,RM Cascavel
4110052,Iguatu,41,RM Cascavel
4110656,Iracema Do Oeste,41,RM Cascavel
4112751,Jesuítas,41,RM Cascavel
4113452,Lindoeste,41,RM Cascavel
4115606,Matelândia,41,RM Cascavel
4116703,Nova Aurora,41,RM Cascavel
4123824,Santa Lúcia,41,RM Cascavel
4124020,Santa Tereza Do Oeste,41,RM Cascavel
4127858,Três Barras Do Paraná,41,RM Cascavel
4128559,Vera Cruz Do Oeste,41,RM Cascavel
4100202,Adrianópolis,41,RM Curitiba
4100301,Agudos Do Sul,41,RM Curitiba
4100400,Almirante Tamandaré,41,RM Curitiba
4101804,Araucária,41,RM Curitiba
4102307,Balsa Nova,41,RM Curitiba
4103107,Bocaiúva Do Sul,41,RM Curitiba
4104006,Campina Grande Do Sul,41,RM Curitiba
4104105,Campo Do Tenente,41,RM Curitiba
4104204,Campo Largo,41,RM Curitiba
4104253,Campo Magro,41,RM Curitiba
4105201,Cerro Azul,41,RM Curitiba
4105805,Colombo,41,RM Curitiba
4106209,Contenda,41,RM Curitiba
4106902,Curitiba,41,RM Curitiba
4128633,Doutor Ulysses,41,RM Curitiba
4107652,Fazenda Rio Grande,41,RM Curitiba
4111258,Itaperuçu,41,RM Curitiba
4113205,Lapa,41,RM Curitiba
4114302,Mandirituba,41,RM Curitiba
4119103,Piên,41,RM Curitiba
4119152,Pinhais,41,RM Curitiba
4119509,Piraquara,41,RM Curitiba
4120804,Quatro Barras,41,RM Curitiba
4121208,Quitandinha,41,RM Curitiba
4122206,Rio Branco Do Sul,41,RM Curitiba
4122305,Rio Negro,41,RM Curitiba
4125506,São José Dos Pinhais,41,RM Curitiba
4127601,Tijucas Do Sul,41,RM Curitiba
4127882,Tunas Do Paraná,41,RM Curitiba
4128625,Alto Paraíso,41,RM de Umuarama
4100707,Alto Piquiri,41,RM de Umuarama
4100509,Altônia,41,RM de Umuarama
4103370,Brasilândia Do Sul,41,RM de Umuarama
4103479,Cafezal Do Sul,41,RM de Umuarama
4105607,Cidade Gaúcha,41,RM de Umuarama
4106605,Cruzeiro Do Oeste,41,RM de Umuarama
4107256,Douradina,41,RM de Umuarama
4107520,Esperança Nova,41,RM de Umuarama
4108320,Francisco Alves,41,RM de Umuarama
4109906,Icaraíma,41,RM de Umuarama
4110607,Iporã,41,RM de Umuarama
4111555,Ivaté,41,RM de Umuarama
4114708,Maria Helena,41,RM de Umuarama
4115101,Mariluz,41,RM de Umuarama
4117206,Nova Olímpia,41,RM de Umuarama
4118857,Perobal,41,RM de Umuarama
4118907,Pérola,41,RM de Umuarama
4125357,São Jorge Do Patrocínio,41,RM de Umuarama
4126801,Tapejara,41,RM de Umuarama
4126900,Tapira,41,RM de Umuarama
4127908,Tuneiras Do Oeste,41,RM de Umuarama
4128104,Umuarama,41,RM de Umuarama
4128807,Xambrê,41,RM de Umuarama
4100806,Alvorada Do Sul,41,RM Londrina
4101507,Arapongas,41,RM Londrina
4101903,Assaí,41,RM Londrina
4102802,Bela Vista Do Paraíso,41,RM Londrina
4103701,Cambé,41,RM Londrina
4105102,Centenário Do Sul,41,RM Londrina
4108007,Florestópolis,41,RM Londrina
4109203,Guaraci,41,RM Londrina
4109807,Ibiporã,41,RM Londrina
4111902,Jaguapitã,41,RM Londrina
4112702,Jataizinho,41,RM Londrina
4113700,Londrina,41,RM Londrina
4113809,Lupionópolis,41,RM Londrina
4116000,Miraselva,41,RM Londrina
4119657,Pitangueiras,41,RM Londrina
4120002,Porecatu,41,RM Londrina
4120333,Prado Ferreira,41,RM Londrina
4120507,Primeiro De Maio,41,RM Londrina
4121307,Rancho Alegre,41,RM Londrina
4122404,Rolândia,41,RM Londrina
4122701,Sabáudia,41,RM Londrina
4126405,Sertaneja,41,RM Londrina
4126504,Sertanópolis,41,RM Londrina
4126678,Tamarana,41,RM Londrina
4128401,Uraí,41,RM Londrina
4101150,Ângulo,41,RM Maringá
4102109,Astorga,41,RM Maringá
4102208,Atalaia,41,RM Maringá
4103206,Bom Sucesso,41,RM Maringá
4103800,Cambira,41,RM Maringá
4107306,Doutor Camargo,41,RM Maringá
4107801,Floraí,41,RM Maringá
4107900,Floresta,41,RM Maringá
4108106,Flórida,41,RM Maringá
4110003,Iguaraçu,41,RM Maringá
4111100,Itambé,41,RM Maringá
4111605,Ivatuba,41,RM Maringá
4112108,Jandaia Do Sul,41,RM Maringá
4113601,Lobato,41,RM Maringá
4114104,Mandaguaçu,41,RM Maringá
4114203,Mandaguari,41,RM Maringá
4114807,Marialva,41,RM Maringá
4115200,Maringá,41,RM Maringá
4116307,Munhoz De Melo,41,RM Maringá
4116901,Nova Esperança,41,RM Maringá
4117404,Ourizona,41,RM Maringá
4117503,Paiçandu,41,RM Maringá
4120408,Presidente Castelo Branco,41,RM Maringá
4123402,Santa Fé,41,RM Maringá
4125308,São Jorge Do Ivaí,41,RM Maringá
4126256,Sarandi,41,RM Maringá
4102000,Assis Chateaubriand,41,RM Toledo
4107157,Diamante D'oeste,41,RM Toledo
4107538,Entre Rios Do Oeste,41,RM Toledo
4108809,Guaíra,41,RM Toledo
4114609,Marechal Cândido Rondon,41,RM Toledo
4115358,Maripá,41,RM Toledo
4115853,Mercedes,41,RM Toledo
4117222,Nova Santa Rosa,41,RM Toledo
4117453,Ouro Verde Do Oeste,41,RM Toledo
4117909,Palotina,41,RM Toledo
4118451,Pato Bragado,41,RM Toledo
4120853,Quatro Pontes,41,RM Toledo
4123501,Santa Helena,41,RM Toledo
4125456,São José Das Palmeiras,41,RM Toledo
4125753,São Pedro Do Iguaçu,41,RM Toledo
4127403,Terra Roxa,41,RM Toledo
4127700,Toledo,41,RM Toledo
4127957,Tupãssi,41,RM Toledo
3300456,Belford Roxo,33,RM Rio de Janeiro
3300803,Cachoeiras De Macacu,33,RM Rio de Janeiro
3301702,Duque De Caxias,33,RM Rio de Janeiro
3301850,Guapimirim,33,RM Rio de Janeiro
3301900,Itaboraí,33,RM Rio de Janeiro
3302007,Itaguaí,33,RM Rio de Janeiro
3302270,Japeri,33,RM Rio de Janeiro
3302502,Magé,33,RM Rio de Janeiro
3302700,Maricá,33,RM Rio de Janeiro
3302858,Mesquita,33,RM Rio de Janeiro
3303203,Nilópolis,33,RM Rio de Janeiro
3303302,Niterói,33,RM Rio de Janeiro
3303500,Nova Iguaçu,33,RM Rio de Janeiro
3303609,Paracambi,33,RM Rio de Janeiro
3304144,Queimados,33,RM Rio de Janeiro
3304300,Rio Bonito,33,RM Rio de Janeiro
3304557,Rio De Janeiro,33,RM Rio de Janeiro
3304904,São Gonçalo,33,RM Rio de Janeiro
3305109,São João De Meriti,33,RM Rio de Janeiro
3305554,Seropédica,33,RM Rio de Janeiro
3305752,Tanguá,33,RM Rio de Janeiro
2401206,Arês,24,RM Natal
2402600,Ceará-Mirim,24,RM Natal
2403608,Extremoz,24,RM Natal
2404200,Goianinha,24,RM Natal
2404606,Ielmo Marinho,24,RM Natal
2407104,Macaíba,24,RM Natal
2407500,Maxaranguape,24,RM Natal
2407807,Monte Alegre,24,RM Natal
2408102,Natal,24,RM Natal
2408201,Nísia Floresta,24,RM Natal
2403251,Parnamirim,24,RM Natal
2412005,São Gonçalo Do Amarante,24,RM Natal
2412203,São José De Mipibu,24,RM Natal
2414803,Vera Cruz,24,RM Natal
1100809,Candeias Do Jamari,11,RM Porto Velho
1100205,Porto Velho,11,RM Porto Velho
1400209,Caracaraí,14,RM Central
1400282,Iracema,14,RM Central
1400050,Alto Alegre,14,RM da Capital
1400100,Boa Vista,14,RM da Capital
1400159,Bonfim,14,RM da Capital
1400175,Cantá,14,RM da Capital
1400308,Mucajaí,14,RM da Capital
1400233,Caroebe,14,RM do Sul do Estado
1400472,Rorainópolis,14,RM do Sul do Estado
1400506,São João Da Baliza,14,RM do Sul do Estado
1400605,São Luiz,14,RM do Sul do Estado
4301057,Arroio Do Sal,43,AU do Litoral Norte - Rio Grande do Sul
4301636,Balneário Pinhal,43,AU do Litoral Norte - Rio Grande do Sul
4304630,Capão Da Canoa,43,AU do Litoral Norte - Rio Grande do Sul
4304671,Capivari Do Sul,43,AU do Litoral Norte - Rio Grande do Sul
4304713,Caraá,43,AU do Litoral Norte - Rio Grande do Sul
4305454,Cidreira,43,AU do Litoral Norte - Rio Grande do Sul
4306551,Dom Pedro De Alcântara,43,AU do Litoral Norte - Rio Grande do Sul
4310330,Imbé,43,AU do Litoral Norte - Rio Grande do Sul
4310652,Itati,43,AU do Litoral Norte - Rio Grande do Sul
4311734,Mampituba,43,AU do Litoral Norte - Rio Grande do Sul
4311775,Maquiné,43,AU do Litoral Norte - Rio Grande do Sul
4312443,Morrinhos Do Sul,43,AU do Litoral Norte - Rio Grande do Sul
4313508,Osório,43,AU do Litoral Norte - Rio Grande do Sul
4313656,Palmares Do Sul,43,AU do Litoral Norte - Rio Grande do Sul
4321436,Terra De Areia,43,AU do Litoral Norte - Rio Grande do Sul
4321501,Torres,43,AU do Litoral Norte - Rio Grande do Sul
4321600,Tramandaí,43,AU do Litoral Norte - Rio Grande do Sul
4321667,Três Cachoeiras,43,AU do Litoral Norte - Rio Grande do Sul
4321832,Três Forquilhas,43,AU do Litoral Norte - Rio Grande do Sul
4323804,Xangri-Lá,43,AU do Litoral Norte - Rio Grande do Sul
4301073,Arroio Do Padre,43,AU do Sul - Rio Grande do Sul
4304663,Capão Do Leão,43,AU do Sul - Rio Grande do Sul
4314407,Pelotas,43,AU do Sul - Rio Grande do Sul
4315602,Rio Grande,43,AU do Sul - Rio Grande do Sul
4318507,São José Do Norte,43,AU do Sul - Rio Grande do Sul
4300802,Antônio Prado,43,RM da Serra Gaúcha
4302105,Bento Gonçalves,43,RM da Serra Gaúcha
4304804,Carlos Barbosa,43,RM da Serra Gaúcha
4305108,Caxias Do Sul,43,RM da Serra Gaúcha
4307906,Farroupilha,43,RM da Serra Gaúcha
4308201,Flores Da Cunha,43,RM da Serra Gaúcha
4308607,Garibaldi,43,RM da Serra Gaúcha
4310439,Ipê,43,RM da Serra Gaúcha
4312385,Monte Belo Do Sul,43,RM da Serra Gaúcha
4313086,Nova Pádua,43,RM da Serra Gaúcha
4314548,Pinto Bandeira,43,RM da Serra Gaúcha
4317251,Santa Tereza,43,RM da Serra Gaúcha
4319000,São Marcos,43,RM da Serra Gaúcha
4300604,Alvorada,43,RM Porto Alegre
4300877,Araricá,43,RM Porto Alegre
4301107,Arroio Dos Ratos,43,RM Porto Alegre
4303103,Cachoeirinha,43,RM Porto Alegre
4303905,Campo Bom,43,RM Porto Alegre
4304606,Canoas,43,RM Porto Alegre
4304689,Capela De Santana,43,RM Porto Alegre
4305355,Charqueadas,43,RM Porto Alegre
4306403,Dois Irmãos,43,RM Porto Alegre
4306767,Eldorado Do Sul,43,RM Porto Alegre
4307609,Estância Velha,43,RM Porto Alegre
4307708,Esteio,43,RM Porto Alegre
4309050,Glorinha,43,RM Porto Alegre
4309209,Gravataí,43,RM Porto Alegre
4309308,Guaíba,43,RM Porto Alegre
4310108,Igrejinha,43,RM Porto Alegre
4310801,Ivoti,43,RM Porto Alegre
4312401,Montenegro,43,RM Porto Alegre
4313060,Nova Hartz,43,RM Porto Alegre
4313375,Nova Santa Rita,43,RM Porto Alegre
4313409,Novo Hamburgo,43,RM Porto Alegre
4314050,Parobé,43,RM Porto Alegre
4314803,Portão,43,RM Porto Alegre
4314902,Porto Alegre,43,RM Porto Alegre
4316006,Rolante,43,RM Porto Alegre
4317608,Santo Antônio Da Patrulha,43,RM Porto Alegre
4318408,São Jerônimo,43,RM Porto Alegre
4318705,São Leopoldo,43,RM Porto Alegre
4319505,São Sebastião Do Caí,43,RM Porto Alegre
4319901,Sapiranga,43,RM Porto Alegre
4320008,Sapucaia Do Sul,43,RM Porto Alegre
4321204,Taquara,43,RM Porto Alegre
4322004,Triunfo,43,RM Porto Alegre
4323002,Viamão,43,RM Porto Alegre
4201406,Araranguá,42,RM Carbonífera
4201950,Balneário Arroio Do Silva,42,RM Carbonífera
4202073,Balneário Gaivota,42,RM Carbonífera
4220000,Balneário Rincão,42,RM Carbonífera
4204251,Cocal Do Sul,42,RM Carbonífera
4204608,Criciúma,42,RM Carbonífera
4205191,Ermo,42,RM Carbonífera
4205456,Forquilhinha,42,RM Carbonífera
4207007,Içara,42,RM Carbonífera
4208708,Jacinto Machado,42,RM Carbonífera
4209607,Lauro Müller,42,RM Carbonífera
4210407,Maracajá,42,RM Carbonífera
4210803,Meleiro,42,RM Carbonífera
4211207,Morro Da Fumaça,42,RM Carbonífera
4211256,Morro Grande,42,RM Carbonífera
4211603,Nova Veneza,42,RM Carbonífera
4212254,Passo De Torres,42,RM Carbonífera
4213807,Praia Grande,42,RM Carbonífera
4215653,Santa Rosa Do Sul,42,RM Carbonífera
4216404,São João Do Sul,42,RM Carbonífera
4217600,Siderópolis,42,RM Carbonífera
4217709,Sombrio,42,RM Carbonífera
4218103,Timbé Do Sul,42,RM Carbonífera
4218350,Treviso,42,RM Carbonífera
4218806,Turvo,42,RM Carbonífera
4219002,Urussanga,42,RM Carbonífera
4200507,Águas De Chapecó,42,RM Chapecó
4200556,Águas Frias,42,RM Chapecó
4201653,Arvoredo,42,RM Chapecó
4204103,Caxambu Do Sul,42,RM Chapecó
4204202,Chapecó,42,RM Chapecó
4204350,Cordilheira Alta,42,RM Chapecó
4204400,Coronel Freitas,42,RM Chapecó
4204756,Cunhataí,42,RM Chapecó
4205308,Faxinal Dos Guedes,42,RM Chapecó
4206652,Guatambú,42,RM Chapecó
4208005,Itá,42,RM Chapecó
4209458,Lajeado Grande,42,RM Chapecó
4210555,Marema,42,RM Chapecó
4211405,Nova Erechim,42,RM Chapecó
4211454,Nova Itaberaba,42,RM Chapecó
4211876,Paial,42,RM Chapecó
4212106,Palmitos,42,RM Chapecó
4212270,Passos Maia,42,RM Chapecó
4212908,Pinhalzinho,42,RM Chapecó
4213153,Planalto Alegre,42,RM Chapecó
4213401,Ponte Serrada,42,RM Chapecó
4214201,Quilombo,42,RM Chapecó
4216008,São Carlos,42,RM Chapecó
4217303,Saudades,42,RM Chapecó
4217501,Seara,42,RM Chapecó
4217550,Serra Alta,42,RM Chapecó
4217758,Sul Brasil,42,RM Chapecó
4218855,União Do Oeste,42,RM Chapecó
4219101,Vargeão,42,RM Chapecó
4219507,Xanxerê,42,RM Chapecó
4219606,Xavantina,42,RM Chapecó
4219705,Xaxim,42,RM Chapecó
4200200,Agrolândia,42,RM do Alto Vale do Itajaí
4200309,Agronômica,42,RM do Alto Vale do Itajaí
4201802,Atalanta,42,RM do Alto Vale do Itajaí
4201901,Aurora,42,RM do Alto Vale do Itajaí
4202859,Braço Do Trombudo,42,RM do Alto Vale do Itajaí
4204194,Chapadão Do Lageado,42,RM do Alto Vale do Itajaí
4205100,Dona Emma,42,RM do Alto Vale do Itajaí
4206900,Ibirama,42,RM do Alto Vale do Itajaí
4207403,Imbuia,42,RM do Alto Vale do Itajaí
4208500,Ituporanga,42,RM do Alto Vale do Itajaí
4209151,José Boiteux,42,RM do Alto Vale do Itajaí
4209508,Laurentino,42,RM do Alto Vale do Itajaí
4209904,Lontras,42,RM do Alto Vale do Itajaí
4210852,Mirim Doce,42,RM do Alto Vale do Itajaí
4212700,Petrolândia,42,RM do Alto Vale do Itajaí
4213708,Pouso Redondo,42,RM do Alto Vale do Itajaí
4214003,Presidente Getúlio,42,RM do Alto Vale do Itajaí
4214102,Presidente Nereu,42,RM do Alto Vale do Itajaí
4214508,Rio Do Campo,42,RM do Alto Vale do Itajaí
4214607,Rio Do Oeste,42,RM do Alto Vale do Itajaí
4214805,Rio Do Sul,42,RM do Alto Vale do Itajaí
4215307,Salete,42,RM do Alto Vale do Itajaí
4215679,Santa Terezinha,42,RM do Alto Vale do Itajaí
4217808,Taió,42,RM do Alto Vale do Itajaí
4218608,Trombudo Central,42,RM do Alto Vale do Itajaí
4219200,Vidal Ramos,42,RM do Alto Vale do Itajaí
4219358,Vitor Meireles,42,RM do Alto Vale do Itajaí
4219408,Witmarsum,42,RM do Alto Vale do Itajaí
4200051,Abdon Batista,42,RM do Contestado
4200408,Água Doce,42,RM do Contestado
4200754,Alto Bela Vista,42,RM do Contestado
4201273,Arabutã,42,RM do Contestado
4201604,Arroio Trinta,42,RM do Contestado
4202875,Brunópolis,42,RM do Contestado
4203006,Caçador,42,RM do Contestado
4203154,Calmon,42,RM do Contestado
4203600,Campos Novos,42,RM do Contestado
4203907,Capinzal,42,RM do Contestado
4204004,Catanduvas,42,RM do Contestado
4204152,Celso Ramos,42,RM do Contestado
4204301,Concórdia,42,RM do Contestado
4205209,Erval Velho,42,RM do Contestado
4205506,Fraiburgo,42,RM do Contestado
4206702,Herval D'oeste,42,RM do Contestado
4206751,Ibiam,42,RM do Contestado
4206801,Ibicaré,42,RM do Contestado
4207577,Iomerê,42,RM do Contestado
4207601,Ipira,42,RM do Contestado
4207700,Ipumirim,42,RM do Contestado
4207809,Irani,42,RM do Contestado
4208609,Jaborá,42,RM do Contestado
4209003,Joaçaba,42,RM do Contestado
4209201,Lacerdópolis,42,RM do Contestado
4209706,Lebon Régis,42,RM do Contestado
4209854,Lindóia Do Sul,42,RM do Contestado
4210035,Luzerna,42,RM do Contestado
4210050,Macieira,42,RM do Contestado
4210704,Matos Costa,42,RM do Contestado
4211058,Monte Carlo,42,RM do Contestado
4211801,Ouro,42,RM do Contestado
4212601,Peritiba,42,RM do Contestado
4213005,Pinheiro Preto,42,RM do Contestado
4213104,Piratuba,42,RM do Contestado
4213906,Presidente Castello Branco,42,RM do Contestado
4214409,Rio Das Antas,42,RM do Contestado
4215406,Salto Veloso,42,RM do Contestado
4217907,Tangará,42,RM do Contestado
4218251,Timbó Grande,42,RM do Contestado
4218509,Treze Tílias,42,RM do Contestado
4219150,Vargem,42,RM do Contestado
4219176,Vargem Bonita,42,RM do Contestado
4219309,Videira,42,RM do Contestado
4219853,Zortéa,42,RM do Contestado
4200101,Abelardo Luz,42,RM do Extremo Oeste
4200804,Anchieta,42,RM do Extremo Oeste
4202081,Bandeirante,42,RM do Extremo Oeste
4202099,Barra Bonita,42,RM do Extremo Oeste
4202156,Belmonte,42,RM do Extremo Oeste
4202537,Bom Jesus,42,RM do Extremo Oeste
4202578,Bom Jesus Do Oeste,42,RM do Extremo Oeste
4203105,Caibi,42,RM do Extremo Oeste
4203501,Campo Erê,42,RM do Extremo Oeste
4204459,Coronel Martins,42,RM do Extremo Oeste
4204707,Cunha Porã,42,RM do Extremo Oeste
4204905,Descanso,42,RM do Extremo Oeste
4205001,Dionísio Cerqueira,42,RM do Extremo Oeste
4205175,Entre Rios,42,RM do Extremo Oeste
4205357,Flor Do Sertão,42,RM do Extremo Oeste
4205431,Formosa Do Sul,42,RM do Extremo Oeste
4205605,Galvão,42,RM do Extremo Oeste
4206405,Guaraciaba,42,RM do Extremo Oeste
4206603,Guarujá Do Sul,42,RM do Extremo Oeste
4207684,Ipuaçu,42,RM do Extremo Oeste
4207650,Iporã Do Oeste,42,RM do Extremo Oeste
4207759,Iraceminha,42,RM do Extremo Oeste
4207858,Irati,42,RM do Extremo Oeste
4208401,Itapiranga,42,RM do Extremo Oeste
4208955,Jardinópolis,42,RM do Extremo Oeste
4209177,Jupiá,42,RM do Extremo Oeste
4210506,Maravilha,42,RM do Extremo Oeste
4210902,Modelo,42,RM do Extremo Oeste
4211009,Mondaí,42,RM do Extremo Oeste
4211652,Novo Horizonte,42,RM do Extremo Oeste
4211850,Ouro Verde,42,RM do Extremo Oeste
4212007,Palma Sola,42,RM do Extremo Oeste
4212239,Paraíso,42,RM do Extremo Oeste
4214151,Princesa,42,RM do Extremo Oeste
4215075,Riqueza,42,RM do Extremo Oeste
4215208,Romelândia,42,RM do Extremo Oeste
4215356,Saltinho,42,RM do Extremo Oeste
4215554,Santa Helena,42,RM do Extremo Oeste
4215687,Santa Terezinha Do Progresso,42,RM do Extremo Oeste
4215695,Santiago Do Sul,42,RM do Extremo Oeste
4215752,São Bernardino,42,RM do Extremo Oeste
4216107,São Domingos,42,RM do Extremo Oeste
4216255,São João Do Oeste,42,RM do Extremo Oeste
4216701,São José Do Cedro,42,RM do Extremo Oeste
4216909,São Lourenço Do Oeste,42,RM do Extremo Oeste
4217154,São Miguel Da Boa Vista,42,RM do Extremo Oeste
4217204,São Miguel Do Oeste,42,RM do Extremo Oeste
4217956,Tigrinhos,42,RM do Extremo Oeste
4218756,Tunápolis,42,RM do Extremo Oeste
4200606,Águas Mornas,42,RM Florianópolis
4200705,Alfredo Wagner,42,RM Florianópolis
4200903,Angelina,42,RM Florianópolis
4201109,Anitápolis,42,RM Florianópolis
4201208,Antônio Carlos,42,RM Florianópolis
4202305,Biguaçu,42,RM Florianópolis
4203709,Canelinha,42,RM Florianópolis
4205407,Florianópolis,42,RM Florianópolis
4205704,Garopaba,42,RM Florianópolis
4206009,Governador Celso Ramos,42,RM Florianópolis
4209805,Leoberto Leal,42,RM Florianópolis
4210209,Major Gercino,42,RM Florianópolis
4211504,Nova Trento,42,RM Florianópolis
4211900,Palhoça,42,RM Florianópolis
4212304,Paulo Lopes,42,RM Florianópolis
4214300,Rancho Queimado,42,RM Florianópolis
4215703,Santo Amaro Da Imperatriz,42,RM Florianópolis
4215901,São Bonifácio,42,RM Florianópolis
4216305,São João Batista,42,RM Florianópolis
4216602,São José,42,RM Florianópolis
4217253,São Pedro De Alcântara,42,RM Florianópolis
4218004,Tijucas,42,RM Florianópolis
4202008,Balneário Camboriú,42,RM Foz do Rio Itajaí
4202453,Bombinhas,42,RM Foz do Rio Itajaí
4203204,Camboriú,42,RM Foz do Rio Itajaí
4208203,Itajaí,42,RM Foz do Rio Itajaí
4208302,Itapema,42,RM Foz do Rio Itajaí
4211306,Navegantes,42,RM Foz do Rio Itajaí
4212502,Penha,42,RM Foz do Rio Itajaí
4212809,Balneário Piçarras,42,RM Foz do Rio Itajaí
4213500,Porto Belo,42,RM Foz do Rio Itajaí
4201000,Anita Garibaldi,42,RM Lages
4202438,Bocaina Do Sul,42,RM Lages
4202503,Bom Jardim Da Serra,42,RM Lages
4202602,Bom Retiro,42,RM Lages
4203402,Campo Belo Do Sul,42,RM Lages
4203253,Capão Alto,42,RM Lages
4204178,Cerro Negro,42,RM Lages
4204558,Correia Pinto,42,RM Lages
4204806,Curitibanos,42,RM Lages
4205555,Frei Rogério,42,RM Lages
4209300,Lages,42,RM Lages
4211751,Otacílio Costa,42,RM Lages
4211892,Painel,42,RM Lages
4212056,Palmeira,42,RM Lages
4213302,Ponte Alta,42,RM Lages
4213351,Ponte Alta Do Norte,42,RM Lages
4215059,Rio Rufino,42,RM Lages
4215505,Santa Cecília,42,RM Lages
4216057,São Cristóvão Do Sul,42,RM Lages
4216503,São Joaquim,42,RM Lages
4216800,São José Do Cerrito,42,RM Lages
4218905,Urubici,42,RM Lages
4218954,Urupema,42,RM Lages
4201307,Araquari,42,RM Norte/Nordeste Catarinense
4202057,Balneário Barra Do Sul,42,RM Norte/Nordeste Catarinense
4202107,Barra Velha,42,RM Norte/Nordeste Catarinense
4202131,Bela Vista Do Toldo,42,RM Norte/Nordeste Catarinense
4203303,Campo Alegre,42,RM Norte/Nordeste Catarinense
4203808,Canoinhas,42,RM Norte/Nordeste Catarinense
4204509,Corupá,42,RM Norte/Nordeste Catarinense
4205803,Garuva,42,RM Norte/Nordeste Catarinense
4206504,Guaramirim,42,RM Norte/Nordeste Catarinense
4207908,Irineópolis,42,RM Norte/Nordeste Catarinense
4208104,Itaiópolis,42,RM Norte/Nordeste Catarinense
4208450,Itapoá,42,RM Norte/Nordeste Catarinense
4208906,Jaraguá Do Sul,42,RM Norte/Nordeste Catarinense
4209102,Joinville,42,RM Norte/Nordeste Catarinense
4210100,Mafra,42,RM Norte/Nordeste Catarinense
4210308,Major Vieira,42,RM Norte/Nordeste Catarinense
4210605,Massaranduba,42,RM Norte/Nordeste Catarinense
4211108,Monte Castelo,42,RM Norte/Nordeste Catarinense
4212205,Papanduva,42,RM Norte/Nordeste Catarinense
4213609,Porto União,42,RM Norte/Nordeste Catarinense
4215000,Rio Negrinho,42,RM Norte/Nordeste Catarinense
4215802,São Bento Do Sul,42,RM Norte/Nordeste Catarinense
4216206,São Francisco Do Sul,42,RM Norte/Nordeste Catarinense
4216354,São João Do Itaperiú,42,RM Norte/Nordeste Catarinense
4217402,Schroeder,42,RM Norte/Nordeste Catarinense
4218301,Três Barras,42,RM Norte/Nordeste Catarinense
4201505,Armazém,42,RM Tubarão
4202800,Braço Do Norte,42,RM Tubarão
4203956,Capivari De Baixo,42,RM Tubarão
4206108,Grão Pará,42,RM Tubarão
4206207,Gravatal,42,RM Tubarão
4207205,Imaruí,42,RM Tubarão
4207304,Imbituba,42,RM Tubarão
4208807,Jaguaruna,42,RM Tubarão
4209409,Laguna,42,RM Tubarão
4211702,Orleans,42,RM Tubarão
4212403,Pedras Grandes,42,RM Tubarão
4212650,Pescaria Brava,42,RM Tubarão
4214904,Rio Fortuna,42,RM Tubarão
4215455,Sangão,42,RM Tubarão
4215604,Santa Rosa De Lima,42,RM Tubarão
4217006,São Ludgero,42,RM Tubarão
4217105,São Martinho,42,RM Tubarão
4218400,Treze De Maio,42,RM Tubarão
4218707,Tubarão,42,RM Tubarão
4201257,Apiúna,42,RM Vale do Itajaí
4201703,Ascurra,42,RM Vale do Itajaí
4202206,Benedito Novo,42,RM Vale do Itajaí
4202404,Blumenau,42,RM Vale do Itajaí
4202701,Botuverá,42,RM Vale do Itajaí
4202909,Brusque,42,RM Vale do Itajaí
4205159,Doutor Pedrinho,42,RM Vale do Itajaí
4205902,Gaspar,42,RM Vale do Itajaí
4206306,Guabiruba,42,RM Vale do Itajaí
4207106,Ilhota,42,RM Vale do Itajaí
4207502,Indaial,42,RM Vale do Itajaí
4210001,Luiz Alves,42,RM Vale do Itajaí
4213203,Pomerode,42,RM Vale do Itajaí
4214706,Rio Dos Cedros,42,RM Vale do Itajaí
4215109,Rodeio,42,RM Vale do Itajaí
4218202,Timbó,42,RM Vale do Itajaí
2800308,Aracaju,28,RM Aracaju
2800605,Barra Dos Coqueiros,28,RM Aracaju
2804805,Nossa Senhora Do Socorro,28,RM Aracaju
2806701,São Cristóvão,28,RM Aracaju
3508405,Cabreúva,35,AU de Jundiaí
3509601,Campo Limpo Paulista,35,AU de Jundiaí
3524006,Itupeva,35,AU de Jundiaí
3525201,Jarinu,35,AU de Jundiaí
3525904,Jundiaí,35,AU de Jundiaí
3527306,Louveira,35,AU de Jundiaí
3556503,Várzea Paulista,35,AU de Jundiaí
3500600,Águas De São Pedro,35,AU de Piracicaba-AU- Piracicaba
3502002,Analândia,35,AU de Piracicaba-AU- Piracicaba
3503307,Araras,35,AU de Piracicaba-AU- Piracicaba
3510401,Capivari,35,AU de Piracicaba-AU- Piracicaba
3511706,Charqueada,35,AU de Piracicaba-AU- Piracicaba
3512209,Conchal,35,AU de Piracicaba-AU- Piracicaba
3512407,Cordeirópolis,35,AU de Piracicaba-AU- Piracicaba
3512704,Corumbataí,35,AU de Piracicaba-AU- Piracicaba
3514908,Elias Fausto,35,AU de Piracicaba-AU- Piracicaba
3521101,Ipeúna,35,AU de Piracicaba-AU- Piracicaba
3521408,Iracemápolis,35,AU de Piracicaba-AU- Piracicaba
3526407,Laranjal Paulista,35,AU de Piracicaba-AU- Piracicaba
3526704,Leme,35,AU de Piracicaba-AU- Piracicaba
3526902,Limeira,35,AU de Piracicaba-AU- Piracicaba
3530904,Mombuca,35,AU de Piracicaba-AU- Piracicaba
3538709,Piracicaba,35,AU de Piracicaba-AU- Piracicaba
3542107,Rafard,35,AU de Piracicaba-AU- Piracicaba
3543907,Rio Claro,35,AU de Piracicaba-AU- Piracicaba
3544004,Rio Das Pedras,35,AU de Piracicaba-AU- Piracicaba
3545159,Saltinho,35,AU de Piracicaba-AU- Piracicaba
3546702,Santa Gertrudes,35,AU de Piracicaba-AU- Piracicaba
3547007,Santa Maria Da Serra,35,AU de Piracicaba-AU- Piracicaba
3550407,São Pedro,35,AU de Piracicaba-AU- Piracicaba
3506359,Bertioga,35,RM Baixada Santista
3513504,Cubatão,35,RM Baixada Santista
3518701,Guarujá,35,RM Baixada Santista
3522109,Itanhaém,35,RM Baixada Santista
3531100,Mongaguá,35,RM Baixada Santista
3537602,Peruíbe,35,RM Baixada Santista
3541000,Praia Grande,35,RM Baixada Santista
3548500,Santos,35,RM Baixada Santista
3551009,São Vicente,35,RM Baixada Santista
3501608,Americana,35,RM Campinas
3503802,Artur Nogueira,35,RM Campinas
3509502,Campinas,35,RM Campinas
3512803,Cosmópolis,35,RM Campinas
3515152,Engenheiro Coelho,35,RM Campinas
3519055,Holambra,35,RM Campinas
3519071,Hortolândia,35,RM Campinas
3520509,Indaiatuba,35,RM Campinas
3523404,Itatiba,35,RM Campinas
3524709,Jaguariúna,35,RM Campinas
3531803,Monte Mor,35,RM Campinas
3532009,Morungaba,35,RM Campinas
3533403,Nova Odessa,35,RM Campinas
3536505,Paulínia,35,RM Campinas
3537107,Pedreira,35,RM Campinas
3545803,Santa Bárbara D'oeste,35,RM Campinas
3548005,Santo Antônio De Posse,35,RM Campinas
3552403,Sumaré,35,RM Campinas
3556206,Valinhos,35,RM Campinas
3556701,Vinhedo,35,RM Campinas
3500758,Alambari,35,RM de Sorocaba
3501152,Alumínio,35,RM de Sorocaba
3502754,Araçariguama,35,RM de Sorocaba
3502903,Araçoiaba Da Serra,35,RM de Sorocaba
3507001,Boituva,35,RM de Sorocaba
3510302,Capela Do Alto,35,RM de Sorocaba
3511508,Cerquilho,35,RM de Sorocaba
3511607,Cesário Lange,35,RM de Sorocaba
3519709,Ibiúna,35,RM de Sorocaba
3521002,Iperó,35,RM de Sorocaba
3522307,Itapetininga,35,RM de Sorocaba
3523909,Itu,35,RM de Sorocaba
3525854,Jumirim,35,RM de Sorocaba
3528403,Mairinque,35,RM de Sorocaba
3537800,Piedade,35,RM de Sorocaba
3537909,Pilar Do Sul,35,RM de Sorocaba
3540606,Porto Feliz,35,RM de Sorocaba
3545209,Salto,35,RM de Sorocaba
3545308,Salto De Pirapora,35,RM de Sorocaba
3550209,São Miguel Arcanjo,35,RM de Sorocaba
3550605,São Roque,35,RM de Sorocaba
3551108,Sarapuí,35,RM de Sorocaba
3552205,Sorocaba,35,RM de Sorocaba
3553500,Tapiraí,35,RM de Sorocaba
3554003,Tatuí,35,RM de Sorocaba
3554508,Tietê,35,RM de Sorocaba
3557006,Votorantim,35,RM de Sorocaba
3502507,Aparecida,35,RM do Vale do Paraíba e Litoral Norte
3503158,Arapeí,35,RM do Vale do Paraíba e Litoral Norte
3503505,Areias,35,RM do Vale do Paraíba e Litoral Norte
3504909,Bananal,35,RM do Vale do Paraíba e Litoral Norte
3508504,Caçapava,35,RM do Vale do Paraíba e Litoral Norte
3508603,Cachoeira Paulista,35,RM do Vale do Paraíba e Litoral Norte
3509700,Campos Do Jordão,35,RM do Vale do Paraíba e Litoral Norte
3509957,Canas,35,RM do Vale do Paraíba e Litoral Norte
3510500,Caraguatatuba,35,RM do Vale do Paraíba e Litoral Norte
3513405,Cruzeiro,35,RM do Vale do Paraíba e Litoral Norte
3513603,Cunha,35,RM do Vale do Paraíba e Litoral Norte
3518404,Guaratinguetá,35,RM do Vale do Paraíba e Litoral Norte
3520202,Igaratá,35,RM do Vale do Paraíba e Litoral Norte
3520400,Ilhabela,35,RM do Vale do Paraíba e Litoral Norte
3524402,Jacareí,35,RM do Vale do Paraíba e Litoral Norte
3524907,Jambeiro,35,RM do Vale do Paraíba e Litoral Norte
3526308,Lagoinha,35,RM do Vale do Paraíba e Litoral Norte
3526605,Lavrinhas,35,RM do Vale do Paraíba e Litoral Norte
3527207,Lorena,35,RM do Vale do Paraíba e Litoral Norte
3531704,Monteiro Lobato,35,RM do Vale do Paraíba e Litoral Norte
3532306,Natividade Da Serra,35,RM do Vale do Paraíba e Litoral Norte
3535606,Paraibuna,35,RM do Vale do Paraíba e Litoral Norte
3538006,Pindamonhangaba,35,RM do Vale do Paraíba e Litoral Norte
3538501,Piquete,35,RM do Vale do Paraíba e Litoral Norte
3540754,Potim,35,RM do Vale do Paraíba e Litoral Norte
3541901,Queluz,35,RM do Vale do Paraíba e Litoral Norte
3542305,Redenção Da Serra,35,RM do Vale do Paraíba e Litoral Norte
3544301,Roseira,35,RM do Vale do Paraíba e Litoral Norte
3546009,Santa Branca,35,RM do Vale do Paraíba e Litoral Norte
3548203,Santo Antônio Do Pinhal,35,RM do Vale do Paraíba e Litoral Norte
3548609,São Bento Do Sapucaí,35,RM do Vale do Paraíba e Litoral Norte
3549607,São José Do Barreiro,35,RM do Vale do Paraíba e Litoral Norte
3549904,São José Dos Campos,35,RM do Vale do Paraíba e Litoral Norte
3550001,São Luiz Do Paraitinga,35,RM do Vale do Paraíba e Litoral Norte
3550704,São Sebastião,35,RM do Vale do Paraíba e Litoral Norte
3552007,Silveiras,35,RM do Vale do Paraíba e Litoral Norte
3554102,Taubaté,35,RM do Vale do Paraíba e Litoral Norte
3554805,Tremembé,35,RM do Vale do Paraíba e Litoral Norte
3555406,Ubatuba,35,RM do Vale do Paraíba e Litoral Norte
3501004,Altinópolis,35,RM Ribeirão Preto
3505609,Barrinha,35,RM Ribeirão Preto
3505906,Batatais,35,RM Ribeirão Preto
3507803,Brodowski,35,RM Ribeirão Preto
3509403,Cajuru,35,RM Ribeirão Preto
3510906,Cássia Dos Coqueiros,35,RM Ribeirão Preto
3513108,Cravinhos,35,RM Ribeirão Preto
3514601,Dumont,35,RM Ribeirão Preto
3518602,Guariba,35,RM Ribeirão Preto
3518859,Guatapará,35,RM Ribeirão Preto
3524303,Jaboticabal,35,RM Ribeirão Preto
3525102,Jardinópolis,35,RM Ribeirão Preto
3527603,Luís Antônio,35,RM Ribeirão Preto
3530508,Mococa,35,RM Ribeirão Preto
3531308,Monte Alto,35,RM Ribeirão Preto
3531902,Morro Agudo,35,RM Ribeirão Preto
3533601,Nuporanga,35,RM Ribeirão Preto
3534302,Orlândia,35,RM Ribeirão Preto
3539509,Pitangueiras,35,RM Ribeirão Preto
3540200,Pontal,35,RM Ribeirão Preto
3540903,Pradópolis,35,RM Ribeirão Preto
3543402,Ribeirão Preto,35,RM Ribeirão Preto
3544905,Sales Oliveira,35,RM Ribeirão Preto
3546256,Santa Cruz Da Esperança,35,RM Ribeirão Preto
3547502,Santa Rita Do Passa Quatro,35,RM Ribeirão Preto
3547601,Santa Rosa De Viterbo,35,RM Ribeirão Preto
3547908,Santo Antônio Da Alegria,35,RM Ribeirão Preto
3550902,São Simão,35,RM Ribeirão Preto
3551405,Serra Azul,35,RM Ribeirão Preto
3551504,Serrana,35,RM Ribeirão Preto
3551702,Sertãozinho,35,RM Ribeirão Preto
3553203,Taiúva,35,RM Ribeirão Preto
3553302,Tambaú,35,RM Ribeirão Preto
3553658,Taquaral,35,RM Ribeirão Preto
3503901,Arujá,35,RM São Paulo
3505708,Barueri,35,RM São Paulo
3506607,Biritiba Mirim,35,RM São Paulo
3509007,Caieiras,35,RM São Paulo
3509205,Cajamar,35,RM São Paulo
3510609,Carapicuíba,35,RM São Paulo
3513009,Cotia,35,RM São Paulo
3513801,Diadema,35,RM São Paulo
3515004,Embu Das Artes,35,RM São Paulo
3515103,Embu-Guaçu,35,RM São Paulo
3515707,Ferraz De Vasconcelos,35,RM São Paulo
3516309,Francisco Morato,35,RM São Paulo
3516408,Franco Da Rocha,35,RM São Paulo
3518305,Guararema,35,RM São Paulo
3518800,Guarulhos,35,RM São Paulo
3522208,Itapecerica Da Serra,35,RM São Paulo
3522505,Itapevi,35,RM São Paulo
3523107,Itaquaquecetuba,35,RM São Paulo
3525003,Jandira,35,RM São Paulo
3526209,Juquitiba,35,RM São Paulo
3528502,Mairiporã,35,RM São Paulo
3529401,Mauá,35,RM São Paulo
3530607,Mogi Das Cruzes,35,RM São Paulo
3534401,Osasco,35,RM São Paulo
3539103,Pirapora Do Bom Jesus,35,RM São Paulo
3539806,Poá,35,RM São Paulo
3543303,Ribeirão Pires,35,RM São Paulo
3544103,Rio Grande Da Serra,35,RM São Paulo
3545001,Salesópolis,35,RM São Paulo
3546801,Santa Isabel,35,RM São Paulo
3547304,Santana De Parnaíba,35,RM São Paulo
3547809,Santo André,35,RM São Paulo
3548708,São Bernardo Do Campo,35,RM São Paulo
3548807,São Caetano Do Sul,35,RM São Paulo
3549953,São Lourenço Da Serra,35,RM São Paulo
3550308,São Paulo,35,RM São Paulo
3552502,Suzano,35,RM São Paulo
3552809,Taboão Da Serra,35,RM São Paulo
3556453,Vargem Grande Paulista,35,RM São Paulo
1700350,Aliança Do Tocantins,17,RM Gurupi
1700707,Alvorada,17,RM Gurupi
1702000,Araguaçu,17,RM Gurupi
1703867,Cariri Do Tocantins,17,RM Gurupi
1706258,Crixás Do Tocantins,17,RM Gurupi
1707306,Dueré,17,RM Gurupi
1707652,Figueirópolis,17,RM Gurupi
1708205,Formoso Do Araguaia,17,RM Gurupi
1709500,Gurupi,17,RM Gurupi
1711506,Jaú Do Tocantins,17,RM Gurupi
1711902,Lagoa Da Confusão,17,RM Gurupi
1715754,Palmeirópolis,17,RM Gurupi
1716604,Peixe,17,RM Gurupi
1718840,Sandolândia,17,RM Gurupi
1720259,São Salvador Do Tocantins,17,RM Gurupi
1720499,São Valério,17,RM Gurupi
1720853,Sucupira,17,RM Gurupi
1720978,Talismã,17,RM Gurupi
1701101,Aparecida Do Rio Negro,17,RM Palmas
1703107,Barrolândia,17,RM Palmas
1703701,Brejinho De Nazaré,17,RM Palmas
1707553,Fátima,17,RM Palmas
1709807,Ipueiras,17,RM Palmas
1712009,Lajeado,17,RM Palmas
1713205,Miracema Do Tocantins,17,RM Palmas
1713304,Miranorte,17,RM Palmas
1713601,Monte Do Carmo,17,RM Palmas
1715507,Oliveira De Fátima,17,RM Palmas
1721000,Palmas,17,RM Palmas
1716109,Paraíso Do Tocantins,17,RM Palmas
1718204,Porto Nacional,17,RM Palmas
1718451,Pugmil,17,RM Palmas
1720655,Silvanópolis,17,RM Palmas
1721109,Tocantínia,17,RM Palmas
